ID,Adresse mail,Nom,Username,Password,Salt
12345,eliot4517@gmail.com,Pinko,Ari,0455e7f5b91a0021bbb520f79607b940a4d52a32719eb8a516c1fe5b252a273f,7b768c0b2af67b8a3a0f7873396f3a31
13,eliot4517@gmail.com,Pierrot,Pierrot,8d4e6a71d7f54d215c1bfd846ab2eebfca0a0ed69661c489ade29431f266c8fb,b12696361a916929dd5ff37575a1a905
555,eliot4517@gmail.com,Bleut�,Bleut�,7267792ef1b6a4c5f5d70808a3bc73dd840d56384cdb1956a1aa167cddaa87e1,3e1b1579eba7cfe07e78729f31d1fa93
333,eliot4517@gmail.com,Cristian,Cristian,f496d23a4faff7d2bc7ec2f4c1b9f22f19b6a512954162eeeb415c8d34aaea9e,7bd7d9ffe18fe6930fcb1b46c407ba70
667,eliot4517@gmail.com,Ricko,Ricko,eaee27d099e3fe82994c6f5c0311cbd43336d64b873f389086f9d53229aa0ca2,4c3779a49fa460aa01b4b05d0c48e0ba
777,eliot4517@gmail.com,Elon,Elon,649ba218b7e8b3ba61b6e808dfb891bcf81c64dbae229ee3319393adb6be59bf,a775c4510b46783bc7bc3ac16efd1ec4
12,eliot4517@gmail.com,Rick,Rick,b3ef81caacaa3839f8cf6f17c2017442d5b5ec107ea31f510621406fbafa5bf3,220356f04ac83daa271fe336855bd9b7
34,eliot4517@gmail.com,Pierre,Pierre,db0b09e0d4d9e58fdb27efeb679aa97613e341fff39789ef5040f25e3a7ac6d0,283535a28edd62ea691ab1c48c14de72
2,eliot4517@gmail.com,Rien,Rien,4a639e6e47599e78d4efd592717bdac2acd65649b42f89aca9387a578cbfb851,0e11d2f07c589f8266ad5b5871197bb3
3,eliot4517@gmail.com,Cico,Cico,b3ccc9575e0918269dd69c5f22a269ff6599a0a3aeb5e2a8edc8fd7c80c96b2f,b2783b73050179502e63be1eda8d37a0
4,eliot4517@gmail.com,Sam,Samy,b77046a828addcfa2131dfbb6e7d60549152d09e9d21a90839d26e8b7a3e6c32,56909a8b8298fa9a12dcc974587119f3
4,eliot4517@gmail.com,Paul,Paul,6c2c48d7bab13f29cb8a8ad2485b02990ae1ec36af1f60336164fe382b66723e,5a30b3b770da7188147406853af43fef
1,eliot4517@gmail.com,Eliot,Eliot,13bbbf7d01f81ba1297dac12076f8200bd83f5a5b1e6beb6f1a8edc086531358,36f0c203c7da5e114e4b20a09f7082ea
2,eliot4517@gmail.com,Eliott,Eliott,ddb3fe174f1e167477f04a5638d411bfe5c2b16d7cab0fcd8336559951a45f5a,c4e258464482696f6f59f3d9e1774fbc
2,eliot4517@gmail.com,Eliottt,Eliottt,c286b116c9d5be68d44d71cbf46be82c11a3b2b4865a6b9a3653f5afcef94fc4,fa64c4efbfbde42b0df464e209d98617
3,eliot4517@gmail.com,Rick,Rick,e9463865d7666fe55086da1bacbec148224dcc07f5b6d8c636f47024aaf590f6,231c4f45f92870dfbb5e4694df3360a4
888,eliot4517@gmail.com,Richard,Richard,d65b23ca4d063934e0aa124e0a3bfb9c046ffd1c968b11ca65f61118349cad77,e08def611d4a5d462ad403f61d9d4655
999,eliot4517@gmail.com,Rico,Ric00,7ca427d061486a08dea98bfafdf09b0c410d83df9f2b6c4e1e4e202e788d0be0,597095ad35ba39f552f10f262f04774a
5555,eliot4517@gmail.com,Ric,Ric,d2151ac89384c0aa16a76948b7499a1b0f49b8e57784522225dc4467353b8ea6,fe8cf46a56167b15898e23f108e3d9cc
0,eliot4517@gmail.com,Ricoo,Ricooo,e346d9a329e66a6e890e87b5ad62f85639ec6b470923e382695e4946a770b9ff,fae949008b9a7d98f6d4c88a1f606d52
0,eliot4517@gmail.com,Ric0,Ric0,c3f66922cccd9b93df321949b967c927ace6ea6a0ef7f1838bfb809c57fbb7a0,89ca9f9f6a3cadef4aaa329badd4c31e
0,eliot4517@gmail.com,Richard,Richard,d65b23ca4d063934e0aa124e0a3bfb9c046ffd1c968b11ca65f61118349cad77,e08def611d4a5d462ad403f61d9d4655
1111,eliot4517@gmail.com,Paulin,Pauline,97f94974230c05d314c8e21ccc2c3761e8d364ab310281c252ab7facfce5d676,fb3dd715b0cddc80f4de485447cd5eff
89,eliot4517@gmail.com,Patrick,Patrique,6f97c9633bb8e91f4bdb0c91b4719131499058b63c0dc1e55ab4aacbe22cad9d,ac2e58908bf96a2b7b153964c105c6f3
99,eliot4517@gmail.com,Patrick,Patrique,6f97c9633bb8e91f4bdb0c91b4719131499058b63c0dc1e55ab4aacbe22cad9d,ac2e58908bf96a2b7b153964c105c6f3
1111,eliot4517@gmail.com,Pierre,Pierre,db0b09e0d4d9e58fdb27efeb679aa97613e341fff39789ef5040f25e3a7ac6d0,283535a28edd62ea691ab1c48c14de72
789,eliot4517@gmail.com,Patrice,Patrice12,a7f86cc8d435845e8469aa6d955a37d25f00598d8e0f0749953164462fdd7386,c4098ad3f49fcd931a19d8558fe810a9
