ID,Adresse mail,Nom,Username,Password,Salt
1,eliot4517@gmail.com,Eliot,Eliot,Eliot667-123,2a9312654a309d9ff8e70adaa0967d4a
3,eliot4517@gmail.com,Jean,Jean,51c7c65a242dd9c24d4f6fbb8951a0e5fab19cd28458213e95dba23e9157a8e2,a4f4af91bd7f43eb0e28cbc719f58568
4,eliot4517@gmail.com,Yan,Yan,5a1a3840201650d89810bf7cbc7c8e8b07164967de46b92c659676f050b39ba4,c00787ac8a396ee4d34a5943e0ff77a8
5,eri,Eri,Eri,8a30acf9e37304e878b3e3ef80a450aa116646ffafb86abd420cdb062369b71c,4f97e6602dc1c505ce0625d8439f9fe2
5,eri,Eri,Eri,388f5ee2d14971b039de90d6eba17f531bbfbfaf31509bac0507404a8e6bfa05,e4ab0d9a48dc92190c9c1cfd92c6c47f
a,a,a,a,3f480aa2b598540e49ed9e68a73073cdd36b93281758e543c517e14d6023a727,49a145cb5d06d8707696764cd71d8957
